INSERT INTO students (full_name, gender, dob) VALUES
('Anele Mthembu', 'Female', '2001-02-14'),
('Bongani Mkhize', 'Male', '2000-11-03'),
('Candice Dlamini', 'Female', '1999-08-27'),
('Dumisani Nkosi', 'Male', '2002-04-21'),
('Enhle Sibanda', 'Female', '2000-01-11'),
('Fikile Mahlangu', 'Male', '1999-07-19'),
('Gugu Ndlovu', 'Female', '2001-03-30'),
('Hendrick Zulu', 'Male', '2000-05-08'),
('Inga Mathebula', 'Female', '2001-12-25'),
('Jabulani Molefe', 'Male', '1999-09-17'),
('Karabo Khumalo', 'Female', '2002-10-13'),
('Lindiwe Mokoena', 'Female', '2000-06-06'),
('Mandla Mthethwa', 'Male', '1998-03-02'),
('Nomvula Hlongwane', 'Female', '1999-05-27'),
('Oupa Dube', 'Male', '2001-08-19'),
('Palesa Radebe', 'Female', '2000-10-10'),
('Quinton Baloyi', 'Male', '2002-02-02'),
('Refilwe Mabena', 'Female', '2001-07-15'),
('Sabelo Msimang', 'Male', '2000-04-12'),
('Thando Mbatha', 'Female', '2001-09-09'),
('Unathi Ngobeni', 'Male', '1999-11-11'),
('Vuyiswa Mahlatsi', 'Female', '2000-12-31'),
('Wandile Phiri', 'Male', '2002-06-16'),
('Xoliswa Mdletshe', 'Female', '1999-10-25'),
('Yusuf Naidoo', 'Male', '2001-01-05'),
('Zinhle Makhanya', 'Female', '2000-07-07'),
('Alex Motaung', 'Male', '1998-05-22'),
('Bianca Chetty', 'Female', '2000-03-18'),
('Clement Nzimande', 'Male', '2002-02-28'),
('Dineo Ntsimbi', 'Female', '2001-04-10'),
('Edward Mavuso', 'Male', '1999-06-24'),
('Faith Ramatseba', 'Female', '2000-12-15'),
('George Mbele', 'Male', '1998-11-30'),
('Hope Khosa', 'Female', '2002-01-01'),
('Isaac Ntuli', 'Male', '1999-02-20'),
('Jade Petersen', 'Female', '2001-10-04'),
('Kabelo Modise', 'Male', '2000-03-05'),
('Lesedi Moeketsi', 'Female', '2002-05-01'),
('Moses Molekwa', 'Male', '2001-08-23'),
('Nokuthula Zuma', 'Female', '1999-09-30'),
('Obakeng Sebola', 'Male', '2000-06-02'),
('Puleng Leballo', 'Female', '2002-12-08'),
('Ronald Mokoetla', 'Male', '2000-01-17'),
('Sindisiwe Langa', 'Female', '1998-04-03'),
('Tebogo Morake', 'Male', '1999-12-12'),
('Ursula Daniels', 'Female', '2001-11-29'),
('Victor Letsoalo', 'Male', '2002-07-27'),
('Wendy Mahlangu', 'Female', '2000-10-30'),
('Xolani Mzimba', 'Male', '1998-06-14'),
('Yolanda Dube', 'Female', '2002-03-09'),
('Zuko Bikitsha', 'Male', '1999-01-25');

INSERT INTO courses (course_name, course_code) VALUES
('Database Systems', 'DB101'),
('Web Development', 'WD102'),
('Information Security', 'IS103');

INSERT INTO enrollments (student_id, course_id) VALUES
(1, 1), (2, 2), (3, 1), (4, 3), (5, 2),
(6, 3), (7, 1), (8, 2), (9, 3), (10, 1),
(11, 2), (12, 3), (13, 1), (14, 2), (15, 3),
(16, 1), (17, 2), (18, 3), (19, 1), (20, 2),
(21, 3), (22, 1), (23, 2), (24, 3), (25, 1),
(26, 2), (27, 3), (28, 1), (29, 2), (30, 3),
(31, 1), (32, 2), (33, 3), (34, 1), (35, 2),
(36, 3), (37, 1), (38, 2), (39, 3), (40, 1),
(41, 2), (42, 3), (43, 1), (44, 2), (45, 3),
(46, 1), (47, 2), (48, 3), (49, 1), (50, 2);

INSERT INTO results (enrollment_id, mark, semester) VALUES
(1, 75, '2024-1'), (2, 62, '2024-1'), (3, 81, '2024-1'), (4, 59, '2024-1'), (5, 70, '2024-1'),
(6, 68, '2024-1'), (7, 85, '2024-1'), (8, 77, '2024-1'), (9, 90, '2024-1'), (10, 66, '2024-1'),
(11, 72, '2024-1'), (12, 80, '2024-1'), (13, 88, '2024-1'), (14, 79, '2024-1'), (15, 60, '2024-1'),
(16, 67, '2024-1'), (17, 83, '2024-1'), (18, 69, '2024-1'), (19, 91, '2024-1'), (20, 55, '2024-1'),
(21, 74, '2024-1'), (22, 86, '2024-1'), (23, 73, '2024-1'), (24, 65, '2024-1'), (25, 78, '2024-1'),
(26, 84, '2024-1'), (27, 61, '2024-1'), (28, 87, '2024-1'), (29, 76, '2024-1'), (30, 92, '2024-1'),
(31, 69, '2024-1'), (32, 71, '2024-1'), (33, 80, '2024-1'), (34, 63, '2024-1'), (35, 58, '2024-1'),
(36, 82, '2024-1'), (37, 64, '2024-1'), (38, 75, '2024-1'), (39, 68, '2024-1'), (40, 89, '2024-1'),
(41, 70, '2024-1'), (42, 77, '2024-1'), (43, 73, '2024-1'), (44, 56, '2024-1'), (45, 66, '2024-1'),
(46, 79, '2024-1'), (47, 81, '2024-1'), (48, 59, '2024-1'), (49, 88, '2024-1'), (50, 90, '2024-1');

